[{"model": "contenttypes.contenttype", "pk": 1, "fields": {"app_label": "admin", "model": "logentry"}}, {"model": "contenttypes.contenttype", "pk": 2, "fields": {"app_label": "app", "model": "user"}}, {"model": "contenttypes.contenttype", "pk": 3, "fields": {"app_label": "app", "model": "location"}}, {"model": "contenttypes.contenttype", "pk": 4, "fields": {"app_label": "app", "model": "order"}}, {"model": "contenttypes.contenttype", "pk": 5, "fields": {"app_label": "auth", "model": "permission"}}, {"model": "contenttypes.contenttype", "pk": 6, "fields": {"app_label": "auth", "model": "group"}}, {"model": "contenttypes.contenttype", "pk": 7, "fields": {"app_label": "contenttypes", "model": "contenttype"}}, {"model": "contenttypes.contenttype", "pk": 8, "fields": {"app_label": "sessions", "model": "session"}}, {"model": "contenttypes.contenttype", "pk": 9, "fields": {"app_label": "guardian", "model": "groupobjectpermission"}}, {"model": "contenttypes.contenttype", "pk": 10, "fields": {"app_label": "guardian", "model": "userobjectpermission"}}, {"model": "sessions.session", "pk": "xrcl9s0ub6nyb9sncwjysl5lfk6aeq7n", "fields": {"session_data": "MWExNDgzOTBjOTIyZmFlM2FkMmRhOGZjODQyZjBkOWIzMjc5ZjQxODp7Il9hdXRoX3VzZXJfaWQiOiIyIiwiX2F1dGhfdXNlcl9iYWNrZW5kIjoiZGphbmdvLmNvbnRyaWIuYXV0aC5iYWNrZW5kcy5Nb2RlbEJhY2tlbmQiLCJfYXV0aF91c2VyX2hhc2giOiJkMmM3YzRiODRiY2RkMGM0MGM4NTYxMDY1MWNiOTdiMWU4YmJkMWUwIn0=", "expire_date": "2018-06-16T20:18:16.226Z"}}, {"model": "app.location", "pk": 1, "fields": {"name": "GWU", "address": "GWU GWU", "created_time": "2018-06-02T20:19:38.182Z", "updated_time": "2018-06-02T20:19:38.182Z"}}, {"model": "app.location", "pk": 2, "fields": {"name": "GWU", "address": "GWU GWU", "created_time": "2018-06-02T20:19:40.003Z", "updated_time": "2018-06-02T20:19:40.003Z"}}, {"model": "app.location", "pk": 3, "fields": {"name": "GMU", "address": "GMU GMU", "created_time": "2018-06-02T20:19:55.258Z", "updated_time": "2018-06-02T20:19:55.258Z"}}, {"model": "app.location", "pk": 4, "fields": {"name": "GU", "address": "GU GU", "created_time": "2018-06-02T20:20:04.202Z", "updated_time": "2018-06-02T20:20:04.202Z"}}, {"model": "app.location", "pk": 5, "fields": {"name": "JHU", "address": "JHU JHU", "created_time": "2018-06-02T20:20:14.898Z", "updated_time": "2018-06-02T20:20:14.898Z"}}, {"model": "app.location", "pk": 6, "fields": {"name": "MU", "address": "MU MU", "created_time": "2018-06-02T20:20:36.740Z", "updated_time": "2018-06-02T20:20:36.740Z"}}, {"model": "app.location", "pk": 7, "fields": {"name": "Pentagon City", "address": "Pentagon City", "created_time": "2018-06-02T20:20:48.825Z", "updated_time": "2018-06-02T20:20:48.825Z"}}, {"model": "auth.permission", "pk": 1, "fields": {"name": "Can add log entry", "content_type": 1, "codename": "add_logentry"}}, {"model": "auth.permission", "pk": 2, "fields": {"name": "Can change log entry", "content_type": 1, "codename": "change_logentry"}}, {"model": "auth.permission", "pk": 3, "fields": {"name": "Can delete log entry", "content_type": 1, "codename": "delete_logentry"}}, {"model": "auth.permission", "pk": 4, "fields": {"name": "Can add user", "content_type": 2, "codename": "add_user"}}, {"model": "auth.permission", "pk": 5, "fields": {"name": "Can change user", "content_type": 2, "codename": "change_user"}}, {"model": "auth.permission", "pk": 6, "fields": {"name": "Can delete user", "content_type": 2, "codename": "delete_user"}}, {"model": "auth.permission", "pk": 7, "fields": {"name": "Can view user", "content_type": 2, "codename": "view_user"}}, {"model": "auth.permission", "pk": 8, "fields": {"name": "Can add location", "content_type": 3, "codename": "add_location"}}, {"model": "auth.permission", "pk": 9, "fields": {"name": "Can change location", "content_type": 3, "codename": "change_location"}}, {"model": "auth.permission", "pk": 10, "fields": {"name": "Can delete location", "content_type": 3, "codename": "delete_location"}}, {"model": "auth.permission", "pk": 11, "fields": {"name": "Can view location", "content_type": 3, "codename": "view_location"}}, {"model": "auth.permission", "pk": 12, "fields": {"name": "Can add order", "content_type": 4, "codename": "add_order"}}, {"model": "auth.permission", "pk": 13, "fields": {"name": "Can change order", "content_type": 4, "codename": "change_order"}}, {"model": "auth.permission", "pk": 14, "fields": {"name": "Can delete order", "content_type": 4, "codename": "delete_order"}}, {"model": "auth.permission", "pk": 15, "fields": {"name": "Can view order", "content_type": 4, "codename": "view_order"}}, {"model": "auth.permission", "pk": 16, "fields": {"name": "Can add permission", "content_type": 5, "codename": "add_permission"}}, {"model": "auth.permission", "pk": 17, "fields": {"name": "Can change permission", "content_type": 5, "codename": "change_permission"}}, {"model": "auth.permission", "pk": 18, "fields": {"name": "Can delete permission", "content_type": 5, "codename": "delete_permission"}}, {"model": "auth.permission", "pk": 19, "fields": {"name": "Can add group", "content_type": 6, "codename": "add_group"}}, {"model": "auth.permission", "pk": 20, "fields": {"name": "Can change group", "content_type": 6, "codename": "change_group"}}, {"model": "auth.permission", "pk": 21, "fields": {"name": "Can delete group", "content_type": 6, "codename": "delete_group"}}, {"model": "auth.permission", "pk": 22, "fields": {"name": "Can add content type", "content_type": 7, "codename": "add_contenttype"}}, {"model": "auth.permission", "pk": 23, "fields": {"name": "Can change content type", "content_type": 7, "codename": "change_contenttype"}}, {"model": "auth.permission", "pk": 24, "fields": {"name": "Can delete content type", "content_type": 7, "codename": "delete_contenttype"}}, {"model": "auth.permission", "pk": 25, "fields": {"name": "Can add session", "content_type": 8, "codename": "add_session"}}, {"model": "auth.permission", "pk": 26, "fields": {"name": "Can change session", "content_type": 8, "codename": "change_session"}}, {"model": "auth.permission", "pk": 27, "fields": {"name": "Can delete session", "content_type": 8, "codename": "delete_session"}}, {"model": "auth.permission", "pk": 28, "fields": {"name": "Can add group object permission", "content_type": 9, "codename": "add_groupobjectpermission"}}, {"model": "auth.permission", "pk": 29, "fields": {"name": "Can change group object permission", "content_type": 9, "codename": "change_groupobjectpermission"}}, {"model": "auth.permission", "pk": 30, "fields": {"name": "Can delete group object permission", "content_type": 9, "codename": "delete_groupobjectpermission"}}, {"model": "auth.permission", "pk": 31, "fields": {"name": "Can add user object permission", "content_type": 10, "codename": "add_userobjectpermission"}}, {"model": "auth.permission", "pk": 32, "fields": {"name": "Can change user object permission", "content_type": 10, "codename": "change_userobjectpermission"}}, {"model": "auth.permission", "pk": 33, "fields": {"name": "Can delete user object permission", "content_type": 10, "codename": "delete_userobjectpermission"}}, {"model": "auth.group", "pk": 1, "fields": {"name": "admin", "level": 1, "permissions": [8, 9, 10, 11, 12, 13, 14, 15, 5, 6, 7]}}, {"model": "auth.group", "pk": 2, "fields": {"name": "delivery", "level": 2, "permissions": [11, 13, 15, 7]}}, {"model": "auth.group", "pk": 3, "fields": {"name": "customer", "level": 3, "permissions": [11, 12, 13, 15]}}, {"model": "app.user", "pk": 1, "fields": {"password": "!rKF1G0IBGumxCw2OZVq4diYwbJ9bM93LiFp7GEsZ", "last_login": null, "is_superuser": false, "email": "AnonymousUser", "username": "", "first_name": "", "last_name": "", "phone": "", "created_time": "2018-06-02T20:16:36.703Z", "updated_time": "2018-06-02T20:16:36.703Z", "is_active": true, "is_staff": false, "groups": [], "user_permissions": []}}, {"model": "app.user", "pk": 2, "fields": {"password": "pbkdf2_sha256$100000$3df9ccbtNyfz$KwAbMPGltGjNQhr9OATLgX/WK6FyHBzEAQJ3xpmuQeI=", "last_login": "2018-06-02T20:18:16.222Z", "is_superuser": true, "email": "super@gmail.com", "username": "super", "first_name": "", "last_name": "", "phone": "", "created_time": "2018-06-02T20:16:59.535Z", "updated_time": "2018-06-02T20:16:59.535Z", "is_active": true, "is_staff": true, "groups": [], "user_permissions": []}}, {"model": "app.user", "pk": 3, "fields": {"password": "pbkdf2_sha256$100000$wNKIf1Du4sAR$OMbeY8s25GAGEwWQ2krhiAD7NV2t2dnjOgjnL58yNl4=", "last_login": null, "is_superuser": false, "email": "test1@gmail.com", "username": "test1", "first_name": "", "last_name": "", "phone": "", "created_time": "2018-06-02T20:18:54.978Z", "updated_time": "2018-06-02T20:18:54.978Z", "is_active": true, "is_staff": false, "groups": [1, 3], "user_permissions": []}}, {"model": "app.user", "pk": 4, "fields": {"password": "pbkdf2_sha256$100000$85K8BXAzz3Pm$0McVh0veXvnQi7IFdoczaOisL5/wPma4EIVOodMjdGI=", "last_login": null, "is_superuser": false, "email": "test2@gmail.com", "username": "test2", "first_name": "", "last_name": "", "phone": "", "created_time": "2018-06-02T20:18:59.659Z", "updated_time": "2018-06-02T20:18:59.659Z", "is_active": true, "is_staff": false, "groups": [2, 3], "user_permissions": []}}, {"model": "app.user", "pk": 5, "fields": {"password": "pbkdf2_sha256$100000$mInotqvrMgK2$/dEzeYCGOi0+6QKhBS3oQQfD3xjcquqFNqDpK3yVI2I=", "last_login": null, "is_superuser": false, "email": "test3@gmail.com", "username": "test3", "first_name": "", "last_name": "", "phone": "", "created_time": "2018-06-02T20:19:04.776Z", "updated_time": "2018-06-02T20:19:04.776Z", "is_active": true, "is_staff": false, "groups": [3], "user_permissions": []}}, {"model": "app.user", "pk": 6, "fields": {"password": "pbkdf2_sha256$100000$WzfNCqmkcnp3$3yns5JzfKnvi5B0Aapx+GVniHVAVJpuE+PKfSkmOIds=", "last_login": null, "is_superuser": false, "email": "test4@gmail.com", "username": "test4", "first_name": "", "last_name": "", "phone": "", "created_time": "2018-06-02T20:19:16.034Z", "updated_time": "2018-06-02T20:19:16.034Z", "is_active": true, "is_staff": false, "groups": [3], "user_permissions": []}}, {"model": "app.user", "pk": 7, "fields": {"password": "pbkdf2_sha256$100000$k0ErwGrvGSiV$TlN8ARRREdQVsEQAvdn7i8hKf1HehCBwUBHN8TtEU7c=", "last_login": null, "is_superuser": false, "email": "test5@gmail.com", "username": "test5", "first_name": "", "last_name": "", "phone": "", "created_time": "2018-06-02T20:19:21.278Z", "updated_time": "2018-06-02T20:19:21.278Z", "is_active": true, "is_staff": false, "groups": [3], "user_permissions": []}}, {"model": "guardian.userobjectpermission", "pk": 1, "fields": {"permission": 13, "content_type": 4, "object_pk": "1", "user": 5}}, {"model": "guardian.userobjectpermission", "pk": 2, "fields": {"permission": 14, "content_type": 4, "object_pk": "1", "user": 5}}, {"model": "guardian.userobjectpermission", "pk": 3, "fields": {"permission": 15, "content_type": 4, "object_pk": "1", "user": 5}}, {"model": "guardian.userobjectpermission", "pk": 4, "fields": {"permission": 13, "content_type": 4, "object_pk": "2", "user": 5}}, {"model": "guardian.userobjectpermission", "pk": 5, "fields": {"permission": 14, "content_type": 4, "object_pk": "2", "user": 5}}, {"model": "guardian.userobjectpermission", "pk": 6, "fields": {"permission": 15, "content_type": 4, "object_pk": "2", "user": 5}}, {"model": "guardian.userobjectpermission", "pk": 7, "fields": {"permission": 13, "content_type": 4, "object_pk": "3", "user": 5}}, {"model": "guardian.userobjectpermission", "pk": 8, "fields": {"permission": 14, "content_type": 4, "object_pk": "3", "user": 5}}, {"model": "guardian.userobjectpermission", "pk": 9, "fields": {"permission": 15, "content_type": 4, "object_pk": "3", "user": 5}}, {"model": "guardian.userobjectpermission", "pk": 10, "fields": {"permission": 13, "content_type": 4, "object_pk": "4", "user": 5}}, {"model": "guardian.userobjectpermission", "pk": 11, "fields": {"permission": 14, "content_type": 4, "object_pk": "4", "user": 5}}, {"model": "guardian.userobjectpermission", "pk": 12, "fields": {"permission": 15, "content_type": 4, "object_pk": "4", "user": 5}}, {"model": "guardian.userobjectpermission", "pk": 13, "fields": {"permission": 13, "content_type": 4, "object_pk": "5", "user": 5}}, {"model": "guardian.userobjectpermission", "pk": 14, "fields": {"permission": 14, "content_type": 4, "object_pk": "5", "user": 5}}, {"model": "guardian.userobjectpermission", "pk": 15, "fields": {"permission": 15, "content_type": 4, "object_pk": "5", "user": 5}}, {"model": "guardian.userobjectpermission", "pk": 16, "fields": {"permission": 13, "content_type": 4, "object_pk": "6", "user": 5}}, {"model": "guardian.userobjectpermission", "pk": 17, "fields": {"permission": 14, "content_type": 4, "object_pk": "6", "user": 5}}, {"model": "guardian.userobjectpermission", "pk": 18, "fields": {"permission": 15, "content_type": 4, "object_pk": "6", "user": 5}}, {"model": "guardian.userobjectpermission", "pk": 19, "fields": {"permission": 13, "content_type": 4, "object_pk": "7", "user": 5}}, {"model": "guardian.userobjectpermission", "pk": 20, "fields": {"permission": 14, "content_type": 4, "object_pk": "7", "user": 5}}, {"model": "guardian.userobjectpermission", "pk": 21, "fields": {"permission": 15, "content_type": 4, "object_pk": "7", "user": 5}}, {"model": "guardian.userobjectpermission", "pk": 22, "fields": {"permission": 13, "content_type": 4, "object_pk": "8", "user": 6}}, {"model": "guardian.userobjectpermission", "pk": 23, "fields": {"permission": 14, "content_type": 4, "object_pk": "8", "user": 6}}, {"model": "guardian.userobjectpermission", "pk": 24, "fields": {"permission": 15, "content_type": 4, "object_pk": "8", "user": 6}}, {"model": "guardian.userobjectpermission", "pk": 25, "fields": {"permission": 13, "content_type": 4, "object_pk": "9", "user": 6}}, {"model": "guardian.userobjectpermission", "pk": 26, "fields": {"permission": 14, "content_type": 4, "object_pk": "9", "user": 6}}, {"model": "guardian.userobjectpermission", "pk": 27, "fields": {"permission": 15, "content_type": 4, "object_pk": "9", "user": 6}}, {"model": "guardian.userobjectpermission", "pk": 28, "fields": {"permission": 13, "content_type": 4, "object_pk": "10", "user": 6}}, {"model": "guardian.userobjectpermission", "pk": 29, "fields": {"permission": 14, "content_type": 4, "object_pk": "10", "user": 6}}, {"model": "guardian.userobjectpermission", "pk": 30, "fields": {"permission": 15, "content_type": 4, "object_pk": "10", "user": 6}}, {"model": "guardian.userobjectpermission", "pk": 31, "fields": {"permission": 13, "content_type": 4, "object_pk": "11", "user": 6}}, {"model": "guardian.userobjectpermission", "pk": 32, "fields": {"permission": 14, "content_type": 4, "object_pk": "11", "user": 6}}, {"model": "guardian.userobjectpermission", "pk": 33, "fields": {"permission": 15, "content_type": 4, "object_pk": "11", "user": 6}}, {"model": "guardian.userobjectpermission", "pk": 34, "fields": {"permission": 13, "content_type": 4, "object_pk": "12", "user": 6}}, {"model": "guardian.userobjectpermission", "pk": 35, "fields": {"permission": 14, "content_type": 4, "object_pk": "12", "user": 6}}, {"model": "guardian.userobjectpermission", "pk": 36, "fields": {"permission": 15, "content_type": 4, "object_pk": "12", "user": 6}}, {"model": "guardian.userobjectpermission", "pk": 37, "fields": {"permission": 13, "content_type": 4, "object_pk": "13", "user": 6}}, {"model": "guardian.userobjectpermission", "pk": 38, "fields": {"permission": 14, "content_type": 4, "object_pk": "13", "user": 6}}, {"model": "guardian.userobjectpermission", "pk": 39, "fields": {"permission": 15, "content_type": 4, "object_pk": "13", "user": 6}}, {"model": "guardian.userobjectpermission", "pk": 40, "fields": {"permission": 13, "content_type": 4, "object_pk": "14", "user": 6}}, {"model": "guardian.userobjectpermission", "pk": 41, "fields": {"permission": 14, "content_type": 4, "object_pk": "14", "user": 6}}, {"model": "guardian.userobjectpermission", "pk": 42, "fields": {"permission": 15, "content_type": 4, "object_pk": "14", "user": 6}}, {"model": "guardian.userobjectpermission", "pk": 43, "fields": {"permission": 13, "content_type": 4, "object_pk": "15", "user": 7}}, {"model": "guardian.userobjectpermission", "pk": 44, "fields": {"permission": 14, "content_type": 4, "object_pk": "15", "user": 7}}, {"model": "guardian.userobjectpermission", "pk": 45, "fields": {"permission": 15, "content_type": 4, "object_pk": "15", "user": 7}}, {"model": "guardian.userobjectpermission", "pk": 46, "fields": {"permission": 13, "content_type": 4, "object_pk": "16", "user": 7}}, {"model": "guardian.userobjectpermission", "pk": 47, "fields": {"permission": 14, "content_type": 4, "object_pk": "16", "user": 7}}, {"model": "guardian.userobjectpermission", "pk": 48, "fields": {"permission": 15, "content_type": 4, "object_pk": "16", "user": 7}}, {"model": "guardian.userobjectpermission", "pk": 49, "fields": {"permission": 13, "content_type": 4, "object_pk": "17", "user": 7}}, {"model": "guardian.userobjectpermission", "pk": 50, "fields": {"permission": 14, "content_type": 4, "object_pk": "17", "user": 7}}, {"model": "guardian.userobjectpermission", "pk": 51, "fields": {"permission": 15, "content_type": 4, "object_pk": "17", "user": 7}}, {"model": "guardian.userobjectpermission", "pk": 52, "fields": {"permission": 13, "content_type": 4, "object_pk": "18", "user": 7}}, {"model": "guardian.userobjectpermission", "pk": 53, "fields": {"permission": 14, "content_type": 4, "object_pk": "18", "user": 7}}, {"model": "guardian.userobjectpermission", "pk": 54, "fields": {"permission": 15, "content_type": 4, "object_pk": "18", "user": 7}}, {"model": "guardian.userobjectpermission", "pk": 55, "fields": {"permission": 13, "content_type": 4, "object_pk": "19", "user": 7}}, {"model": "guardian.userobjectpermission", "pk": 56, "fields": {"permission": 14, "content_type": 4, "object_pk": "19", "user": 7}}, {"model": "guardian.userobjectpermission", "pk": 57, "fields": {"permission": 15, "content_type": 4, "object_pk": "19", "user": 7}}, {"model": "guardian.userobjectpermission", "pk": 58, "fields": {"permission": 13, "content_type": 4, "object_pk": "20", "user": 7}}, {"model": "guardian.userobjectpermission", "pk": 59, "fields": {"permission": 14, "content_type": 4, "object_pk": "20", "user": 7}}, {"model": "guardian.userobjectpermission", "pk": 60, "fields": {"permission": 15, "content_type": 4, "object_pk": "20", "user": 7}}, {"model": "guardian.userobjectpermission", "pk": 61, "fields": {"permission": 13, "content_type": 4, "object_pk": "21", "user": 7}}, {"model": "guardian.userobjectpermission", "pk": 62, "fields": {"permission": 14, "content_type": 4, "object_pk": "21", "user": 7}}, {"model": "guardian.userobjectpermission", "pk": 63, "fields": {"permission": 15, "content_type": 4, "object_pk": "21", "user": 7}}, {"model": "app.order", "pk": 1, "fields": {"created_time": "2018-06-02T20:22:38.243Z", "updated_time": "2018-06-02T20:22:38.243Z", "comment": "test3", "status": "P", "location": 1, "user": 5, "deleted": "N"}}, {"model": "app.order", "pk": 2, "fields": {"created_time": "2018-06-02T20:22:42.912Z", "updated_time": "2018-06-02T20:22:42.912Z", "comment": "test3", "status": "P", "location": 2, "user": 5, "deleted": "N"}}, {"model": "app.order", "pk": 3, "fields": {"created_time": "2018-06-02T20:22:45.808Z", "updated_time": "2018-06-02T20:22:45.808Z", "comment": "test3", "status": "P", "location": 3, "user": 5, "deleted": "N"}}, {"model": "app.order", "pk": 4, "fields": {"created_time": "2018-06-02T20:22:48.615Z", "updated_time": "2018-06-02T20:22:48.615Z", "comment": "test3", "status": "P", "location": 4, "user": 5, "deleted": "N"}}, {"model": "app.order", "pk": 5, "fields": {"created_time": "2018-06-02T20:22:53.086Z", "updated_time": "2018-06-02T20:22:53.086Z", "comment": "test3", "status": "P", "location": 5, "user": 5, "deleted": "N"}}, {"model": "app.order", "pk": 6, "fields": {"created_time": "2018-06-02T20:22:56.927Z", "updated_time": "2018-06-02T20:22:56.927Z", "comment": "test3", "status": "P", "location": 6, "user": 5, "deleted": "N"}}, {"model": "app.order", "pk": 7, "fields": {"created_time": "2018-06-02T20:23:01.121Z", "updated_time": "2018-06-02T20:23:01.121Z", "comment": "test3", "status": "P", "location": 7, "user": 5, "deleted": "N"}}, {"model": "app.order", "pk": 8, "fields": {"created_time": "2018-06-02T20:23:28.779Z", "updated_time": "2018-06-02T20:23:28.779Z", "comment": "test4", "status": "P", "location": 1, "user": 6, "deleted": "N"}}, {"model": "app.order", "pk": 9, "fields": {"created_time": "2018-06-02T20:23:31.903Z", "updated_time": "2018-06-02T20:23:31.903Z", "comment": "test4", "status": "P", "location": 2, "user": 6, "deleted": "N"}}, {"model": "app.order", "pk": 10, "fields": {"created_time": "2018-06-02T20:23:34.868Z", "updated_time": "2018-06-02T20:23:34.868Z", "comment": "test4", "status": "P", "location": 3, "user": 6, "deleted": "N"}}, {"model": "app.order", "pk": 11, "fields": {"created_time": "2018-06-02T20:23:37.223Z", "updated_time": "2018-06-02T20:23:37.223Z", "comment": "test4", "status": "P", "location": 4, "user": 6, "deleted": "N"}}, {"model": "app.order", "pk": 12, "fields": {"created_time": "2018-06-02T20:23:39.539Z", "updated_time": "2018-06-02T20:23:39.539Z", "comment": "test4", "status": "P", "location": 5, "user": 6, "deleted": "N"}}, {"model": "app.order", "pk": 13, "fields": {"created_time": "2018-06-02T20:23:41.908Z", "updated_time": "2018-06-02T20:23:41.908Z", "comment": "test4", "status": "P", "location": 6, "user": 6, "deleted": "N"}}, {"model": "app.order", "pk": 14, "fields": {"created_time": "2018-06-02T20:23:46.674Z", "updated_time": "2018-06-02T20:23:46.674Z", "comment": "test4", "status": "P", "location": 7, "user": 6, "deleted": "N"}}, {"model": "app.order", "pk": 15, "fields": {"created_time": "2018-06-02T20:24:10.615Z", "updated_time": "2018-06-02T20:24:10.615Z", "comment": "test5", "status": "P", "location": 1, "user": 7, "deleted": "N"}}, {"model": "app.order", "pk": 16, "fields": {"created_time": "2018-06-02T20:24:13.551Z", "updated_time": "2018-06-02T20:24:13.551Z", "comment": "test5", "status": "P", "location": 2, "user": 7, "deleted": "N"}}, {"model": "app.order", "pk": 17, "fields": {"created_time": "2018-06-02T20:24:15.727Z", "updated_time": "2018-06-02T20:24:15.727Z", "comment": "test5", "status": "P", "location": 3, "user": 7, "deleted": "N"}}, {"model": "app.order", "pk": 18, "fields": {"created_time": "2018-06-02T20:24:18.090Z", "updated_time": "2018-06-02T20:24:18.090Z", "comment": "test5", "status": "P", "location": 4, "user": 7, "deleted": "N"}}, {"model": "app.order", "pk": 19, "fields": {"created_time": "2018-06-02T20:24:21.246Z", "updated_time": "2018-06-02T20:24:21.246Z", "comment": "test5", "status": "P", "location": 5, "user": 7, "deleted": "N"}}, {"model": "app.order", "pk": 20, "fields": {"created_time": "2018-06-02T20:24:24.011Z", "updated_time": "2018-06-02T20:24:24.011Z", "comment": "test5", "status": "P", "location": 6, "user": 7, "deleted": "N"}}, {"model": "app.order", "pk": 21, "fields": {"created_time": "2018-06-02T20:24:28.362Z", "updated_time": "2018-06-02T20:24:28.362Z", "comment": "test5", "status": "P", "location": 7, "user": 7, "deleted": "N"}}, {"model": "admin.logentry", "pk": 1, "fields": {"action_time": "2018-06-02T20:21:37.718Z", "user": 2, "content_type": 2, "object_id": "3", "object_repr": "test1@gmail.com", "action_flag": 2, "change_message": "[{\"changed\": {\"fields\": [\"groups\"]}}]"}}, {"model": "admin.logentry", "pk": 2, "fields": {"action_time": "2018-06-02T20:21:44.478Z", "user": 2, "content_type": 2, "object_id": "4", "object_repr": "test2@gmail.com", "action_flag": 2, "change_message": "[{\"changed\": {\"fields\": [\"groups\"]}}]"}}]